ds,yhat
2015-01-03,233.56618624892266
2015-01-04,219.85725273008458
2015-01-05,214.26794668665028
2015-01-06,215.56103666646044
2015-01-07,248.6374359370592
2015-01-09,215.18725435312908
2015-01-10,231.31503720604246
2015-01-11,220.83507900536594
2015-01-13,223.56600574623656
2015-01-14,260.25861927283756
2015-01-15,274.0238707934476
2015-01-16,233.74919302604934
2015-01-18,245.26701172802254
2015-01-19,245.41298772046383
2015-01-20,252.0227766019168
2015-01-23,263.4192717031256
2015-01-26,269.4647743760163
2015-01-27,272.6634929675209
2015-01-28,306.3430931348115
2015-01-30,269.8181957318858
2015-01-31,282.15939738089946
2015-02-01,266.3782227263073
2015-02-02,257.4549367067254
2015-02-03,254.13628351531418
2015-02-04,281.33647243955335
2015-02-06,232.54533432814893
2015-02-07,239.38673108673774
2015-02-08,218.71100881512405
2015-02-11,223.81158338629345
2015-02-12,225.57272177480726
2015-02-14,181.08250914382137
2015-02-15,162.38679444935678
2015-02-16,152.4039774745318
2015-02-17,149.960574067562
2015-02-18,180.01140600454505
2015-02-20,142.80590123739893
2015-02-21,158.25822966729925
2015-02-22,147.92225004000161
2015-02-23,146.74423020750478
2015-02-24,153.38955726827484
2015-02-27,173.50700329963894
2015-03-01,195.11369506611936
2015-03-02,201.19583531829625
2015-03-03,214.25903296213264
2015-03-04,258.97100497844826
2015-03-05,280.4562680894127
2015-03-07,273.528385466964
2015-03-10,289.15089924036624
2015-03-11,331.0876071540493
2015-03-14,331.0304533990014
2015-03-15,322.8763271139728
2015-03-16,321.2759186202952
2015-03-17,324.91998099092086
2015-03-18,358.6679548256027
2015-03-19,367.86218970620246
2015-03-21,333.3422791624376
2015-03-22,317.0313434019607
2015-03-23,307.640090608338
2015-03-24,303.98276426953004
2015-03-25,331.0280157049888
2015-03-26,334.2111837309705
2015-03-28,290.0263595188872
2015-03-29,270.15517698937026
2015-03-30,258.08185917673467
2015-03-31,252.61923158522328
2015-04-01,278.7162564422771
2015-04-02,281.77154039367434
2015-04-04,239.56974715649264
2015-04-05,221.66673652038875
2015-04-06,212.10100927034762
2015-04-07,209.54951058632736
2015-04-08,238.90830046464166
2015-04-11,210.68288258637898
2015-04-12,196.4913626585849
2015-04-13,190.5340843236849
2015-04-15,224.0655176513996
2015-04-16,233.60000919105806
2015-04-18,203.75841564915524
2015-04-19,191.52136772341578
2015-04-20,187.16691440993793
2015-04-21,189.35662635835536
2015-04-22,222.90487090473442
2015-04-23,233.0945452406332
2015-04-25,203.85155732716123
2015-04-26,191.64709237252623
2015-04-28,189.2544622224305
2015-04-29,222.63802969173574
2015-04-30,232.6890164520352
2015-05-02,203.39938511927647
2015-05-03,191.3481207581268
2015-05-04,187.21213527598445
2015-05-05,189.71358104246815
2015-05-06,223.71785373360748
2015-05-07,234.5478326764959
2015-05-08,191.17102951589771
2015-05-09,207.23701686710532
2015-05-10,196.34176949168966
2015-05-11,193.43429332841276
2015-05-12,197.20243193918645
2015-05-13,232.4744745047228
2015-05-14,244.53473578296445
2015-05-16,219.41864686919016
2015-05-17,209.4155775282736
2015-05-18,207.22072907380198
2015-05-19,211.49557772451735
2015-05-20,247.04769553847288
2015-05-21,259.1470149887721
2015-05-22,216.71481460761947
2015-05-23,233.36274124825755
2015-05-24,222.65845403640893
2015-05-25,219.5332278541581
2015-05-26,222.66837939940766
2015-05-27,256.89712505508527
2015-05-28,267.5200379901888
2015-05-30,238.46552346994469
2015-05-31,226.04448108990064
2015-06-01,221.201257189332
2015-06-02,222.65658419425398
2015-06-03,255.2812949578807
2015-06-04,264.41066787076943
2015-06-06,232.81890629066612
2015-06-07,219.4006339962802
2015-06-08,213.76238559881804
2015-06-09,214.6329707379041
2015-06-10,246.88480172884871
2015-06-13,224.49640753105984
2015-06-14,211.4456090963182
2015-06-15,206.30686891655142
2015-06-16,207.77995808548155
2015-06-17,240.70604247688746
2015-06-18,250.38320863512607
2015-06-20,220.44856248379395
2015-06-21,208.04119212154288
2015-06-22,203.46696128041123
2015-06-23,205.35404325260677
2015-06-24,238.57664585304863
2015-06-25,248.42141377600254
2015-06-27,218.41876517174734
2015-06-28,205.7826411163427
2015-06-29,200.86425447039272
2015-06-30,202.35941826520622
2015-07-01,235.1150547871062
2015-07-02,244.4445654750996
2015-07-04,213.3888457947334
2015-07-05,200.28063123714588
2015-07-06,194.9710914328685
2015-07-07,196.18842031663334
2015-07-08,228.80967984737651
2015-07-09,238.17509350693214
2015-07-11,207.78691333886627
2015-07-12,195.33912875252034
2015-07-13,190.91661547811222
2015-07-14,193.24576936015654
2015-07-15,227.19488986830888
2015-07-18,211.2622860977997
2015-07-19,200.78558852267756
2015-07-20,198.41070793116393
2015-07-21,202.8214444905511
2015-07-22,238.84083060471315
2015-07-23,251.7466564839055
2015-07-25,228.58361833354797
2015-07-26,219.66823483324396
2015-07-27,218.61967202431092
2015-07-28,224.08608330846786
2015-07-30,274.19694856981005
2015-08-01,250.86414229920575
2015-08-02,241.3386072909084
2015-08-03,239.33656319059864
2015-08-04,243.5212084983269
2015-08-05,278.7081336016739
2015-08-06,290.18116999900695
2015-08-08,262.4426202247388
2015-08-09,250.46199827183474
2015-08-11,247.4741748750531
2015-08-12,280.0488639706251
2015-08-15,256.44781491512526
2015-08-16,242.34439487029732
2015-08-17,235.88915228189316
2015-08-19,267.05617915981014
2015-08-20,274.92590428052324
2015-08-22,241.28424934112996
2015-08-23,227.09489447026633
2015-08-24,220.86172898451292
2015-08-25,221.31476296023556
2015-08-26,253.3248412258899
2015-08-27,262.2184902035998
2015-08-29,231.21782930040038
2015-08-30,218.53612317269202
2015-08-31,213.9084081507256
2015-09-01,216.02561713447255
2015-09-02,249.72029621184345
2015-09-03,260.2824029950098
2015-09-05,232.43769270116562
2015-09-06,221.22283212868496
2015-09-07,217.93244332049883
2015-09-08,221.24012252485525
2015-09-09,255.9660808678413
2015-09-10,267.3929710011675
2015-09-11,224.45438961037348
2015-09-12,240.77339070320136
2015-09-13,229.92761505883004
2015-09-14,226.8563942474369
2015-09-15,230.24671238784387
2015-09-16,264.9346538887969
2015-09-17,276.22052184930516
2015-09-19,249.08500843971854
2015-09-20,237.90201119447102
2015-09-21,234.4646086996159
2015-09-22,237.47586614336765
2015-09-23,271.78589440507824
2015-09-24,282.70659145136625
2015-09-25,239.19915268817044
2015-09-26,254.91171571841593
2015-09-27,243.44377029863233
2015-09-28,239.75271145932584
2015-09-29,242.53943210387348
2015-09-30,276.64958974284554
2015-10-01,287.3887316181579
2015-10-02,243.71025689812032
2015-10-03,259.2535622715056
2015-10-04,247.60898109866068
2015-10-05,243.72487265458807
2015-10-06,246.29373632882692
2015-10-07,280.15396471779275
2015-10-08,290.60540061015877
2015-10-09,246.59765943388095
2015-10-10,261.76854912333715
2015-10-11,249.69589930789226
2015-10-12,245.3445846329741
2015-10-13,247.4127420574451
2015-10-14,280.7466680628437
2015-10-15,290.65612960473703
2015-10-16,246.1023460010636
2015-10-17,260.7359858305193
2015-10-18,248.1617932156086
2015-10-19,243.34521059927525
2015-10-20,244.99788945328137
2015-10-21,277.978724878473
2015-10-22,287.6086058066395
2015-10-24,257.38384898375807
2015-10-25,244.79507671363322
2015-10-26,240.05764603249852
2015-10-27,241.880518368536
2015-10-28,275.1164929863299
2015-10-29,285.07701388849125
2015-10-31,255.68674073155833
2015-11-01,243.56844575106143
2015-11-02,239.3112186137883
2015-11-03,241.6029476181686
2015-11-04,275.27477940622754
2015-11-05,285.6166721010012
2015-11-07,256.7452103931896
2015-11-08,244.72914138315807
2015-11-09,240.450665793008
2015-11-10,242.58820684614273
2015-11-11,275.96772061300067
2015-11-12,285.8786365606898
2015-11-14,255.75176258489657
2015-11-15,242.93494400137394
2015-11-16,237.76412136024513
2015-11-17,238.9409986990461
2015-11-18,271.3185358281937
2015-11-19,280.21618143544003
2015-11-20,234.60743000745234
2015-11-21,248.1583878587971
2015-11-22,234.49128716415927
2015-11-23,228.59099953848448
2015-11-24,229.19010827332647
2015-11-25,261.1694519704138
2015-11-26,269.8723417046852
2015-11-27,224.29145554861913
2015-11-28,238.10578851627494
2015-11-29,224.94430547633266
2015-11-30,219.79169548581433
2015-12-01,221.3731475403689
2015-12-02,254.5548085768403
2015-12-03,264.6581358554499
2015-12-04,220.64715105716456
2015-12-05,236.16597089337486
2015-12-06,224.80325165400356
2015-12-07,221.49892928267082
2015-12-08,224.93015169870642
2015-12-09,259.91303504022284
2015-12-10,271.7184216256139
2015-12-12,246.13637861517688
2015-12-13,235.89093090137675
2015-12-14,233.4260415447754
2015-12-15,237.38731352361867
2015-12-16,272.56710093835767
2015-12-17,284.2212475595762
2015-12-19,257.28041202084967
2015-12-20,245.84677169001986
2015-12-21,241.88443755719697
2015-12-22,244.0738639470041
2015-12-23,277.2514444201362
2015-12-24,286.72530844248854
2015-12-26,255.1325428985698
2015-12-27,241.3609670940854
2015-12-28,235.14656115815214
2015-12-29,235.24081144205473
2015-12-30,266.5492512681362
2015-12-31,274.445219857172
2016-01-02,240.79971507250266
2016-01-03,226.6466658074024
2016-01-04,220.5254894496137
2016-01-05,221.20611476108198
2016-01-06,253.59917783834302
2016-01-09,233.93311890246176
2016-01-10,222.62737398410323
2016-01-12,223.74945781609162
2016-01-13,259.69760657299844
2016-01-17,242.5549933512635
2016-01-19,248.9409114200261
2016-01-23,279.48140123699767
2016-01-24,270.47712184539563
2016-01-26,272.72412961523196
2016-01-27,307.3294496826769
2016-01-28,317.7387945537704
2016-01-30,286.26023269565144
2016-01-31,271.5475737010463
2016-02-03,289.42917413119886
2016-02-06,249.43671566650013
2016-02-07,229.09383661765108
2016-02-08,216.15194578538495
2016-02-09,209.4594292382712
2016-02-10,234.02062321316342
2016-02-14,169.46739702730403
2016-02-15,158.22215972632927
2016-02-16,154.3546124146685
2016-02-18,189.10365375154416
2016-02-20,155.82100274265844
2016-02-21,143.63619990397476
2016-02-22,140.61543074124276
2016-02-23,145.45616216468792
2016-02-25,198.42998015938025
2016-02-27,183.31839340285129
2016-02-28,179.77164304216797
2016-03-01,197.16221926874235
2016-03-02,241.32267629914492
2016-03-05,255.59030092936476
2016-03-06,254.4104667669101
2016-03-07,260.6582569728807
2016-03-08,272.86566671500316
2016-03-09,315.72285532616377
2016-03-10,334.3962085466508
2016-03-12,319.23048207278975
2016-03-13,312.4443807698931
2016-03-14,312.2547963804996
2016-03-15,317.3237118004353
2016-03-16,352.48233043799314
2016-03-17,363.0458975115771
2016-03-19,331.04126845311265
2016-03-20,315.8325046878012
2016-03-21,307.41537106661684
2016-03-22,304.5898643471132
2016-03-23,332.3138977031314
2016-03-24,336.0156951733492
2016-03-26,292.3773924669392
2016-03-27,272.5377782452862
2016-03-28,260.342855820706
2016-03-29,254.6151366356653
2016-03-30,280.32425488998643
2016-03-31,282.87478666580967
2016-04-02,239.37859443816438
2016-04-04,210.35443402398425
2016-04-05,207.01633716142555
2016-04-06,235.57719302655363
2016-04-07,241.35440260667337
2016-04-09,205.04678286675497
2016-04-10,190.16048284421092
2016-04-11,183.56213694841188
2016-04-13,215.99742843774237
2016-04-14,225.0834381601028
2016-04-16,194.5436882488209
2016-04-17,182.0506780979257
2016-04-18,177.49523570384585
2016-04-19,179.53182507753922
2016-04-20,212.96665212426535
2016-04-21,223.0737274158153
2016-04-22,178.7834204678114
2016-04-24,181.47070442194385
2016-04-25,176.98393329235944
2016-04-26,178.96310060991465
2016-04-27,212.26316184657315
2016-04-28,222.20580700982077
2016-04-29,177.76640385154164
2016-04-30,192.61092459411057
2016-05-01,180.35951230003226
2016-05-02,175.99209362063544
2016-05-03,178.23296560203062
2016-05-04,211.95102422524482
2016-05-07,194.50959797527486
2016-05-08,183.28164907352226
2016-05-09,180.0472137316983
2016-05-10,183.50155049625602
2016-05-11,218.4801480426351
2016-05-12,230.2740588468974
2016-05-13,187.81818548489696
2016-05-14,204.72985402650625
2016-05-15,194.57427036648437
2016-05-16,192.27219973708995
2016-05-17,196.48672653260078
2016-05-18,232.0256897477823
2016-05-20,201.8023612075862
2016-05-21,218.56696983917382
2016-05-22,208.01467537598018
2016-05-23,205.07103411569892
2016-05-24,208.41085510811558
2016-05-25,242.86026110461927
2016-05-26,253.71236528626628
2016-05-28,225.11153048682942
2016-05-29,212.90028901063536
2016-05-30,208.24646095001194
2016-05-31,209.864854923026
2016-06-01,242.6212765963911
2016-06-04,220.41246795549998
2016-06-05,206.9991835645184
2016-06-07,202.1252142572161
2016-06-08,234.27082999574105
2016-06-09,243.09783593560346
2016-06-11,211.40210344747368
2016-06-12,198.15544746827842
2016-06-13,192.81304784906413
2016-06-14,194.0808771393331
2016-06-15,226.80610948490371
2016-06-16,236.29244064090216
2016-06-18,206.02548768750586
2016-06-19,193.48425108425837
2016-06-20,188.80112156382836
2016-06-21,190.65539748685813
2016-06-22,223.8714592699478
2016-06-23,233.73487217373759
2016-06-25,203.8352114523902
2016-06-26,191.27597319569335
2016-06-28,188.03239985602872
2016-06-29,220.8790184642233
2016-07-02,199.35439824282264
2016-07-03,186.2690145916162
2016-07-04,180.9509167396973
2016-07-05,182.1238451112356
2016-07-06,214.66136716370622
2016-07-08,178.83284235492036
2016-07-09,193.13354055060802
2016-07-10,180.4331472787007
2016-07-11,175.71935314270777
2016-07-12,177.72255736073012
2016-07-13,211.31625344001318
2016-07-14,221.83125263724895
2016-07-16,194.2076245138697
2016-07-17,183.3285647200941
2016-07-18,180.56048432378316
2016-07-19,184.59604895323926
2016-07-20,220.2669992964611
2016-07-23,209.20470498238086
2016-07-24,200.1236886825036
2016-07-25,198.96953991717058
2016-07-26,204.39371071411625
2016-07-27,241.19104846221325
2016-07-30,231.65120174893113
2016-07-31,222.39830030005479
2016-08-01,220.72126165295847
2016-08-02,225.27667766072113
2016-08-05,229.94263934119456
2016-08-06,245.97430816370334
2016-08-07,234.46472555996542
2016-08-08,230.36632589988568
2016-08-09,232.3840706642745
2016-08-10,265.3766450694727
2016-08-11,274.7057109372631
2016-08-13,242.89552588874827
2016-08-15,222.82790713920505
2016-08-16,222.92542003965573
2016-08-17,254.25099019087503
2016-08-21,214.11084290300192
2016-08-22,207.7079438942232
2016-08-23,207.95183656942305
2016-08-24,239.71996873106428
2016-08-25,248.3459186579151
2016-08-27,216.76186811134974
2016-08-28,203.81565025262097
2016-08-29,198.9264505448481
2016-08-31,234.24948368097387
2016-09-01,244.59504173612189
2016-09-03,216.39387397845894
2016-09-04,205.04471226766742
2016-09-05,201.6514582656355
2016-09-06,204.8881492150717
2016-09-07,239.57455297333178
2016-09-08,250.99206839479055
2016-09-10,224.43579914297038
2016-09-11,213.6570894923405
2016-09-12,210.6721361507098
2016-09-13,214.164331334905
2016-09-14,248.96610341035066
2016-09-15,260.37416825072745
2016-09-16,217.33742743456753
2016-09-17,233.49486919746153
2016-09-18,222.44009822250803
2016-09-19,219.1278724021708
2016-09-20,222.25954786736858
2016-09-21,256.684076486036
2016-09-22,267.71275380715497
2016-09-24,240.11453497086984
2016-09-25,228.76516354748495
2016-09-26,225.18869087680105
2016-09-27,228.0875608853236
2016-09-28,262.30917375616707
2016-10-01,245.2614976909987
2016-10-02,233.74327540323293
2016-10-03,229.9928724186498
2016-10-04,232.70361691844806
2016-10-05,266.7143076958395
2016-10-08,248.8288584654187
2016-10-09,236.9490290825583
2016-10-10,232.79422914088437
2016-10-11,235.06040292147378
2016-10-12,268.59139370452095
2016-10-13,278.6943474911054
2016-10-15,249.13977079173878
2016-10-16,236.73252403705024
2016-10-17,232.06927674806985
2016-10-18,233.85982373391082
2016-10-19,266.96166193154176
2016-10-20,276.6948184592388
2016-10-22,246.62300721424074
2016-10-23,234.08530186663864
2016-10-24,229.38401605747183
2016-10-25,231.2304017916663
2016-10-26,264.48011152422623
2016-10-28,230.09530559722796
2016-10-29,245.06809672323843
2016-10-30,232.96108029712045
2016-10-31,228.72468265242776
2016-11-01,231.0507775629422
2016-11-02,264.77420042782205
2016-11-03,275.18815746888583
2016-11-05,246.5322392892284
2016-11-06,234.66280545198396
2016-11-07,230.55756964826858
2016-11-08,232.89432867408235
2016-11-09,266.49937266364395
2016-11-10,276.65769418871366
2016-11-11,232.30742639431273
2016-11-12,247.07670368102777
2016-11-13,234.5491000585876
2016-11-14,229.67107263871208
2016-11-15,231.13827333449225
2016-11-16,263.79733557544574
2016-11-17,272.9612988218513
2016-11-19,241.36621812505257
2016-11-20,227.88384391779616
2016-11-21,222.13067324090778
2016-11-22,222.83548364414568
2016-11-23,254.87637236638435
2016-11-24,263.59510562752695
2016-11-25,217.98411319576428
2016-11-26,231.7235020676434
2016-11-27,218.44473357704604
2016-11-28,213.13636027689927
2016-11-29,214.52874169636016
2016-11-30,247.49440019646147
2016-12-01,257.362230735611
2016-12-03,228.37453788455397
2016-12-04,216.77019211917272
2016-12-05,213.2410539218117
2016-12-06,216.47373863109638
2016-12-07,251.29343859160647
2016-12-08,262.9793813879739
2016-12-09,220.45330342982425
2016-12-10,237.31822230760815
2016-12-11,227.12413852794248
2016-12-12,224.7760052632204
2016-12-13,228.9208253844067
2016-12-14,264.35047081357595
2016-12-15,276.31836727295865
2016-12-16,233.72898144386102
2016-12-17,250.17741578279902
2016-12-18,239.21568173532037
2016-12-19,235.7609711612969
2016-12-20,238.4827677849523
2016-12-21,272.2053841049169
2016-12-22,282.22406558585374
2016-12-23,237.493606475122
2016-12-24,251.6667984269673
2016-12-25,238.3593069702285
2016-12-26,232.55632780023512
2016-12-27,232.9979040259959
2016-12-28,264.5795353287282
2016-12-30,226.2792885429257
2016-12-31,239.1323265914146
2017-01-02,218.5958678970073
2017-01-03,219.00976681968103
2017-01-04,251.0534737405893
2017-01-05,260.1005494514763
2017-01-07,229.94650081204153
2017-01-08,218.0750517500571
2017-01-09,214.53455571548398
2017-01-10,218.03818250616192
2017-01-11,253.4306325843794
2017-01-14,243.05607184209174
2017-01-15,234.66789521380133
2017-01-16,234.39353461483373
2017-01-17,240.84440529015043
2017-01-21,272.6212100666854
2017-01-22,264.2893729887877
2017-01-23,263.3142539640239
2017-01-24,268.2839715217726
2017-01-25,303.9406120142598
2017-01-28,286.5250311249962
2017-01-30,266.5544562148717
2017-01-31,265.5121617545269
2017-02-01,294.8564636136152
2017-02-02,299.9308043670836
2017-02-03,249.74949443189072
2017-02-04,258.0350767725104
2017-02-05,238.48190849985582
2017-02-06,226.16134381286176
2017-02-07,219.9054357785007
2017-02-08,244.7058271620822
2017-02-09,246.02606376353538
2017-02-11,199.39831058811407
2017-02-12,179.02601630730064
2017-02-13,166.9894432868522
2017-02-14,162.1466110623534
2017-02-15,189.49154403809672
2017-02-16,194.4661729455519
2017-02-19,144.519133078679
2017-02-20,139.89674113225783
2017-02-21,143.13388750576019
2017-02-22,179.08064042554065
2017-02-23,193.022707685833
2017-02-25,175.19385868772548
2017-02-27,174.61643394781214
2017-02-28,186.11822854165723
2017-03-01,229.69635023594705
2017-03-03,217.29138887284265
2017-03-04,243.55330548607208
2017-03-05,242.6915061223494
2017-03-06,249.4782164607745
2017-03-07,262.43494350643294
2017-03-08,306.2373454145369
2017-03-09,326.0336620899128
2017-03-10,290.6356132955595
2017-03-11,313.5590495566834
2017-03-12,308.2909172573595
2017-03-13,309.6978589981321
2017-03-14,316.4133025423704
2017-03-15,353.23964493417424
2017-03-17,322.04441527891265
2017-03-18,336.65015036311024
2017-03-19,322.92228133719436
2017-03-20,315.880413246525
2017-03-21,314.30620717281045
2017-03-22,343.1424808290204
2017-03-24,297.37180685075776
2017-03-25,305.6101017349514
2017-03-26,286.246370251062
2017-03-27,274.3661874441823
2017-03-28,268.7980564506904
2017-03-29,294.5121726055731
2017-03-30,296.93318064685064
2017-03-31,245.1259545780103
2017-04-01,252.83179240061807
2017-04-02,233.73167571813215
2017-04-03,222.851983633193
2017-04-04,218.94956101032255
2017-04-05,246.91277202547755
2017-04-06,252.07671242729413
2017-04-07,203.41154182231998
2017-04-08,214.56125909259703
2017-04-09,199.08994441450992
2017-04-10,191.94858423036015
2017-04-12,223.46017991176532
2017-04-13,232.17793186727454
2017-04-14,186.86203146285683
2017-04-15,201.1024660394634
2017-04-16,188.44075300666853
2017-04-17,183.7785090298437
2017-04-18,185.7648447760084
2017-04-19,219.19917280156682
2017-04-21,185.13168579831316
2017-04-22,200.16740990374052
2017-04-23,188.03010115015917
2017-04-24,183.66154594814049
2017-04-25,185.7556563882382
2017-04-26,219.15951072064806
2017-04-28,184.81068995117315
2017-04-30,187.44165289009715
2017-05-01,183.0459334507018
2017-05-02,185.2269089200423
2017-05-03,218.85526213291047
2017-05-05,185.4240232424179
2017-05-06,201.00365321702714
2017-05-07,189.61002450858632
2017-05-08,186.20647219974475
2017-05-09,189.49557694716964
2017-05-10,224.3202563424526
2017-05-11,235.9788398812297
2017-05-12,193.41310549851588
2017-05-14,200.0499859761032
2017-05-15,197.74834290844026
2017-05-16,202.00798284470096
2017-05-17,237.63868196177
2017-05-18,249.90989558219056
2017-05-19,207.73976118264397
2017-05-20,224.73422317695872
2017-05-21,214.45286019223107
2017-05-22,211.8167458486442
2017-05-23,215.49519702300748
2017-05-24,250.30800784360366
2017-05-25,261.54132429296243
2017-05-26,218.13611660620126
2017-05-27,233.7265827837562
2017-05-28,221.90508914712876
2017-05-29,217.6290090509714
2017-05-30,219.60634772176294
2017-05-31,252.67387224961294
2017-06-02,217.1059214898529
2017-06-04,217.84969206804075
2017-06-05,212.27915295673262
2017-06-06,213.14027345238813
2017-06-07,245.31025753098595
2017-06-09,208.5732166220182
2017-06-10,222.31949365585274
2017-06-11,208.9825291513617
2017-06-12,203.5343211286976
2017-06-13,204.68698452491998
2017-06-14,237.29391002165383
2017-06-15,246.66486965776105
2017-06-16,201.754048317146
2017-06-17,216.19834561278427
2017-06-18,203.58255433660258
2017-06-19,198.84676593209883
2017-06-20,200.6728698310429
2017-06-21,233.88675080816913
2017-06-23,199.2704549652042
2017-06-24,213.9977881338651
2017-06-25,201.5325603983468
2017-06-26,196.81224264769062
2017-06-27,198.522161307913
2017-06-28,231.49760200711378
2017-06-29,241.0395657637303
2017-06-30,196.10313558140896
2017-07-01,210.33578671480456
2017-07-02,197.34224580138672
2017-07-03,192.0912586405768
2017-07-04,193.30115277575263
2017-07-07,189.8982432988244
2017-07-08,204.07855186076765
2017-07-09,191.21480225565432
2017-07-10,186.29577027405486
2017-07-12,221.36745659813513
2017-07-14,187.64633078080607
2017-07-15,203.25706337177428
2017-07-16,192.0137334505425
2017-07-17,188.8796061827261
2017-07-18,192.55606552750032
2017-07-19,227.88372747182285
2017-07-20,240.15746605901333
2017-07-21,198.31441573246292
2017-07-22,215.97225945391594
2017-07-23,206.69442142275796
2017-07-24,205.39751924690535
2017-07-25,210.73794633206194
2017-07-28,220.0487025953949
2017-07-29,238.3018912412634
2017-07-30,229.28593629902574
2017-07-31,227.904761331969
2017-08-01,232.80988175418167
2017-08-02,268.802918760605
2017-08-03,281.1517943830831
2017-08-04,238.77955893865015
2017-08-05,255.30317654010963
2017-08-06,244.29886543642957
2017-08-07,240.7093438854413
2017-08-08,243.229858179679
2017-08-09,276.7096159210244
2017-08-11,241.47618698033426
2017-08-12,255.4066107735618
2017-08-13,241.88510148424626
2017-08-14,235.90288595564593
2017-08-15,236.2002783701204
2017-08-16,267.66707458772015
2017-08-17,275.6566639945786
2017-08-18,229.17286582489825
2017-08-19,241.9068681562662
2017-08-20,227.50091423276297
2017-08-21,220.9541287273461
2017-08-22,221.00739536364023
2017-08-23,252.5439357568076
2017-08-26,228.71216140861915
2017-08-27,215.43908505901095
2017-08-28,210.2173720563139
2017-08-29,211.75136710014945
2017-08-30,244.88595373374764
2017-08-31,254.92208082002873
2017-09-01,210.80516561786936
2017-09-02,226.1637040543437
2017-09-03,214.57468796231507
2017-09-04,210.97114856601655
2017-09-05,214.02873531823232
2017-09-06,248.56788682965563
2017-09-08,216.86496431031543
2017-09-09,233.17214054492538
2017-09-10,222.36346272454594
2017-09-11,219.37193157310122
2017-09-12,222.87762222434455
2017-09-13,257.7094086748094
2017-09-14,269.16035404116536
2017-09-15,226.17574346343935
2017-09-16,242.39111117939626
2017-09-17,231.39688385502222
2017-09-18,228.1450148336206
2017-09-19,231.33450775827134
2017-09-20,265.8124716403255
2017-09-22,233.52419756307535
2017-09-23,249.36673751892343
2017-09-24,238.01722310395814
2017-09-25,234.43509598147452
2017-09-26,237.32397735655474
2017-09-27,271.53275517819
2017-09-28,282.37051314104485
2017-09-29,238.7942881314257
2017-09-30,254.44701063757566
2017-10-01,242.92225028010108
2017-10-02,239.17111139759322
2017-10-03,241.88819945118865
2017-10-04,275.9132397088363
2017-10-06,242.7372434617173
2017-10-07,258.1217527372596
2017-10-08,246.28884727736667
2017-10-09,242.1869206128761
2017-10-10,244.5101597931202
2017-10-11,278.10029354605814
2017-10-13,243.95143892817677
2017-10-14,258.8137424661612
2017-10-15,246.44857595049749
2017-10-16,241.81662263709686
2017-10-17,243.6253783419555
2017-10-18,276.7303826255352
2017-10-20,241.75372932648892
2017-10-21,256.2984203583445
2017-10-22,243.69399276968522
2017-10-23,238.90907154201093
2017-10-24,240.65642199308544
2017-10-25,273.7938370441634
2017-10-27,239.1560458681788
2017-10-28,253.9950107259038
2017-10-29,241.75443184071173
2017-10-30,237.3888491410434
2017-10-31,239.59428453895057
2017-11-01,273.209610000225
2017-11-03,239.5041072975752
2017-11-04,254.75433191366503
2017-11-05,242.86008802064242
2017-11-06,238.75612888483653
2017-11-07,241.12077906322347
2017-11-08,274.77802492316323
2017-11-09,285.01343174991166
2017-11-10,240.76284258734754
2017-11-11,255.65070435544018
2017-11-12,243.25700562589415
2017-11-13,238.52337754678427
2017-11-14,240.14000704184622
2017-11-15,272.9475721261014
2017-11-16,282.2528370327203
2017-11-17,237.01686678135414
2017-11-18,250.89319545947845
2017-11-19,237.49255377140946
2017-11-20,231.7895154753877
2017-11-21,232.50794833005384
2017-11-22,264.52190167017113
2017-11-23,273.17012072324553
2017-11-24,227.4431805639697
2017-11-25,241.0206082899434
2017-11-26,227.5346332878468
2017-11-27,221.9759584396333
2017-11-28,223.0784689719491
2017-11-29,255.71953896844886
2017-11-30,265.23414941920123
2017-12-01,220.60182947941493
2017-12-02,235.48380258629598
2017-12-03,223.48698410145602
2017-12-04,219.57022347355024
2017-12-05,222.42970093008634
2017-12-06,256.87239328984344
2017-12-08,225.38623097353513
2017-12-09,241.99841929174946
2017-12-10,231.60758566180567
2017-12-11,229.12386282997
2017-12-12,233.1978527448399
2017-12-13,268.6232832295842
2017-12-14,280.6535754597787
2017-12-15,238.1912641393013
2017-12-16,254.82757917754597
2017-12-17,244.1087616918165
2017-12-18,240.9444346714593
2017-12-19,243.99486901654052
2017-12-20,278.07372765770873
2017-12-22,244.1090420065583
2017-12-23,258.64710549611254
2017-12-24,245.68082728225406
2017-12-25,240.18213672418239
2017-12-26,240.87838306487544
2017-12-27,272.6533260724462
2017-12-29,234.5156164872182
2017-12-30,247.3223408710267
2017-12-31,232.946473092905
2018-01-01,226.4155447283393
2018-01-02,226.50379301709975
2018-01-03,258.1315093553409
2018-01-06,235.30586820105262
2018-01-07,222.740904639935
2018-01-08,218.4702434408669
2018-01-09,221.22394645918655
2018-01-12,225.68176783717863
2018-01-13,243.41748907428365
2018-01-14,234.46249804417494
2018-01-15,233.69248330738577
2018-01-16,239.75543304474735
2018-01-19,251.98847404784513
2018-01-20,271.2908007398378
2018-01-21,263.25869451225134
2018-01-22,262.7285914412258
2018-01-23,268.2829413046711
2018-01-24,304.6545379258211
2018-01-26,274.3135987109802
2018-01-27,290.02183280889216
2018-01-28,277.69675592426074
2018-01-29,272.24189648485657
2018-01-30,272.32447224181044
2018-02-02,259.735229399672
2018-02-03,268.9221769528252
2018-02-04,250.149694141608
2018-02-05,238.46629858903745
2018-02-06,232.683777862182
2018-02-09,206.0484683028724
2018-02-10,212.14405377229735
2018-02-11,191.24441375085786
2018-02-13,172.69520357110048
2018-02-16,152.83257357996746
2018-02-17,163.38638284667132
2018-02-18,147.9599858360557
2018-02-19,141.59146623629613
2018-02-20,143.0407875136263
2018-02-21,177.18973220747912
2018-02-23,148.4814436983816
2018-02-24,168.16886736855116
2018-02-25,161.94889050772866
2018-02-26,164.68733608744037
2018-02-28,217.52095077432077
2018-03-02,203.67800406811622
2018-03-03,229.55344952734248
2018-03-04,228.53369031437967
2018-03-05,235.39037424551907
2018-03-06,248.63992027611084
2018-03-07,292.94854913281955
2018-03-08,313.45097153185077
2018-03-09,278.94163359183693
2018-03-10,302.9157954674098
2018-03-11,298.83699344744497
2018-03-12,301.546193847011
2018-03-13,309.64947802792875
2018-03-14,347.92085025519265
2018-03-16,319.6722578859169
2018-03-17,335.7232762182201
2018-03-18,323.3864262405904
2018-03-19,317.65694333216993
2018-03-20,317.2945488278461
2018-03-21,347.2229600363744
2018-03-23,303.2172365123199
2018-03-24,312.10689671390946
2018-03-25,293.23219075533837
2018-03-26,281.6770333052276
2018-03-27,276.27178909378244
2018-03-28,301.99184968834214
2018-03-29,304.2701287011994
2018-03-30,252.1825136508884
2018-03-31,259.4836768717422
2018-04-01,239.86990686311714
2018-04-02,228.38436179153985
2018-04-03,223.80165804865996
2018-04-04,251.02843781476116
2018-04-06,205.95868168626814
2018-04-07,216.31118438706855
2018-04-08,200.0750046792266
2018-04-09,192.19573517378973
2018-04-10,191.3522229223458
2018-04-11,222.35945372436527
2018-04-12,230.4853942053143
2018-04-13,184.64071609279165
2018-04-14,198.41869638027538
2018-04-15,185.36185395599847
2018-04-16,180.37063402300367
2018-04-17,182.09097546390217
2018-04-20,180.98097212809645
2018-04-21,195.93953495700936
2018-04-22,183.75127356202677
2018-04-23,179.34863236333018
2018-04-24,181.41629235031223
2018-04-25,214.792524630979
2018-04-26,224.78406757533443
2018-04-27,180.35352515736233
2018-04-28,195.15666146101796
2018-04-29,182.8062387893931
2018-04-30,178.27780052753377
2018-05-01,180.29432544327324
2018-05-02,213.72641495000576
2018-05-03,223.90624916017615
2018-05-04,179.81431675048583
2018-05-05,195.1163136149373
2018-05-06,183.42686088347781
2018-05-07,179.71543952581504
2018-05-08,182.69145472879833
2018-05-09,217.20507880342262
2018-05-11,185.71153880077784
2018-05-12,202.28405670519
2018-05-13,191.85664436055208
2018-05-14,189.36006695228443
2018-05-15,193.46526128264117
2018-05-16,228.98551419277732
2018-05-18,199.00542735087373
2018-05-19,216.02970149090953
2018-05-20,205.8231989473248
2018-05-21,203.30396866319322
2018-05-22,207.13712077196044
2018-05-23,242.1371944845186
2018-05-25,210.41227608455375
2018-05-26,226.2483199634008
2018-05-27,214.67713896232985
2018-05-28,210.64852727843885
2018-05-29,212.8631187425713
2018-05-30,246.173653262126
2018-06-01,211.0158202574836
2018-06-02,225.18755586024673
2018-06-03,212.03684688142144
2018-06-04,206.5473025976968
2018-06-05,207.44921999046971
2018-06-06,239.62001421466243
2018-06-08,202.7714350587857
2018-06-09,216.41149986763216
2018-06-10,202.94036678959895
2018-06-11,197.3351325622371
2018-06-12,198.3137710034513
2018-06-13,230.735763097535
2018-06-15,194.8180950277507
2018-06-16,209.0814843322283
2018-06-17,196.29739645301493
2018-06-18,191.4105802729982
2018-06-19,193.10674438831848
2018-06-20,226.2146236436374
2018-06-21,236.02192974938686
2018-06-22,191.46413812715605
2018-06-24,193.69438563303112
2018-06-25,188.9917325476662
2018-06-26,190.73705489542718
2018-06-27,223.7610110237461
2018-06-29,188.48091634423176
2018-06-30,202.76723365633666
2018-07-01,189.81649720012317
2018-07-02,184.591097755214
2018-07-03,185.80329470576646
2018-07-05,227.45967732044878
2018-07-06,182.2155605588401
2018-07-07,196.25719361173088
2018-07-08,183.21228770265105
2018-07-09,178.06906774612384
2018-07-10,179.56109259041227
2018-07-11,212.56762379130316
2018-07-12,222.4277537636383
2018-07-13,178.1273026193995
2018-07-14,193.33586375318293
2018-07-15,181.67064410731723
2018-07-16,178.10249234986338
2018-07-17,181.34102626964045
2018-07-18,216.23550833683947
2018-07-20,185.84945308612015
2018-07-21,203.13132240612404
2018-07-22,193.5164969406924
2018-07-23,191.9288919256109
2018-07-24,197.03126212773162
2018-07-25,233.6273420082911
2018-07-26,246.97790885660345
2018-07-27,205.98972373580224
2018-07-28,224.25467249752506
2018-07-29,215.3156933692296
2018-07-30,214.07482502406745
2018-07-31,219.1802289681043
2018-08-01,255.42878124334646
2018-08-03,226.0569310654876
2018-08-04,242.9612905229979
2018-08-05,232.36282678540582
2018-08-06,229.19487645250433
2018-08-07,232.14300685941794
2018-08-10,231.61220092156856
2018-08-11,245.89997234798255
2018-08-12,232.69719091848893
2018-08-13,226.98838584933938
2018-08-14,227.50831805256448
2018-08-15,259.14248734617536
2018-08-16,267.2413222837812
2018-08-17,220.80705800442348
2018-08-18,233.5306797993991
2018-08-19,219.05557761367066
2018-08-20,212.3833056824607
2018-08-21,212.25836128957758
2018-08-22,243.56863595026584
2018-08-23,251.65974241905053
2018-08-24,205.5222153338094
2018-08-25,218.82895043047387
2018-08-26,205.19951004903533
2018-08-27,199.60666749877657
2018-08-28,200.7620791882924
2018-08-29,233.51771010081512
2018-08-31,198.70404333591392
2018-09-01,213.7202008358297
2018-09-02,201.81126879798225
2018-09-03,197.9140234059688
2018-09-04,200.70692062240016
2018-09-05,235.01225007101112
2018-09-07,202.93698650453362
2018-09-08,219.10477570134734
2018-09-09,208.1859888747191
2018-09-10,205.1113412839115
2018-09-11,208.5580817497675
2018-09-12,243.3518482599498
2018-09-13,254.7821957992271
2018-09-14,211.7907684777797
2018-09-15,228.00946278395827
2018-09-16,217.02519957612128
2018-09-17,213.78667536502516
2018-09-18,216.98998772938558
2018-09-19,251.4797739299114
2018-09-20,262.56405703094515
2018-09-21,219.2017934796541
2018-09-22,235.0404883506887
2018-09-23,223.68051215831497
2018-09-24,220.0815024987204
2018-09-25,222.94775412656003
2018-09-26,257.12924112351874
2018-09-28,224.32812435424447
2018-09-29,239.9489477344368
2018-09-30,228.3943397970648
2018-10-01,224.6171814207262
2018-10-02,227.313686530457
2018-10-03,261.3249341717751
2018-10-04,271.95225035461385
2018-10-05,228.14540823257227
2018-10-06,243.54098358866113
2018-10-07,231.72746752384737
2018-10-08,227.65248600437408
2018-10-09,230.00899587782948
2018-10-10,263.6370678528908
2018-10-12,229.5696634229035
2018-10-13,244.47059576986203
2018-10-14,232.1391439709207
2018-10-15,227.53331346990927
2018-10-16,229.3580217517907
2018-10-17,262.4664400295064
2018-10-19,227.45120446248242
2018-10-20,241.95112241999817
2018-10-21,229.28398441530393
2018-10-22,224.41846492005268
2018-10-23,226.06802699966258
2018-10-24,259.09181531632004
2018-10-26,224.18779768057118
2018-10-27,238.87984980163998
2018-10-28,226.48773940914884
2018-10-29,221.96988252852648
2018-10-30,224.02638392350383
2018-10-31,257.50026856587726
2018-11-01,267.6925977216769
2018-11-02,223.55045435637584
2018-11-03,238.70514973354793
2018-11-04,226.7372660797671
2018-11-05,222.5838954393306
2018-11-06,224.92495174395336
2018-11-07,258.58517053637235
2018-11-08,268.84995999866373
2018-11-09,224.65406153619432
2018-11-10,239.6203465450046
2018-11-11,227.32534108533818
2018-11-12,222.70681833660063
2018-11-13,224.45031927112305
2018-11-14,257.39120369199884
2018-11-15,266.83038781434345
2018-11-16,221.72272435557736
2018-11-17,235.71535488360718
2018-11-18,222.41263472102642
2018-11-19,216.78298417494776
2018-11-20,217.54454544860715
2018-11-21,249.56627085215777
2018-11-22,258.18262588944333
2018-11-23,212.38089375078678
2018-11-24,225.8384438045986
2018-11-25,212.18659853350357
2018-11-26,206.4164870996573
2018-11-27,207.26379849640776
2018-11-28,239.60909162238661
2018-11-29,248.79187464048658
2018-11-30,203.79746503705422
2018-12-01,218.2940130652497
2018-12-02,205.89633757365743
2018-12-03,201.57197081043105
2018-12-04,204.02632699576634
2018-12-05,238.1036470191419
2018-12-06,249.10191979982207
2018-12-07,205.96077321656722
2018-12-08,222.29969248970824
2018-12-09,211.68318448640505
2018-12-10,209.028249053698
2018-12-11,212.99103265840552
2018-12-13,260.41869948757625
2018-12-14,218.04231202866532
2018-12-15,234.8298950208608
2018-12-16,224.32430037130558
2018-12-17,221.42984808167498
2018-12-18,224.7996774523653
2018-12-19,259.2386321459627
2018-12-20,270.0198142869629
2018-12-21,226.07374218324603
2018-12-22,241.0274201832943
2018-12-23,228.46990041744843
2018-12-24,223.35967086753803
2018-12-25,224.41073155857657
2018-12-26,256.4939691957095
2018-12-27,264.9520012678123
2018-12-28,218.7864667570378
2018-12-29,231.6951201702456
2018-12-30,217.33536126481272
2018-12-31,210.72959057395855
2019-01-01,210.64930971337733
2019-01-02,242.01463393682346
2019-01-03,250.20744344534648
2019-01-04,204.25720281941042
2019-01-05,217.87685272107203
2019-01-06,204.72544743906712
2019-01-07,199.81296205791088
2019-01-08,201.88421327928177
2019-01-09,235.81857688663453
2019-01-10,246.9437337286593
2019-01-11,204.222468420875
2019-01-12,221.28990913407952
2019-01-13,211.71785584501205
2019-01-14,210.4215847199384
2019-01-15,216.04602740736715
2019-01-16,253.3679548858346
2019-01-17,267.6123375804777
2019-01-18,227.64184046973926
2019-01-19,246.99677240728843
2019-01-20,239.16206602698952
2019-01-21,238.97660489263214
2019-01-22,245.02172756244312
2019-01-23,282.02547288914786
2019-01-24,295.1806785330884
2019-01-25,253.33583894842286
2019-01-26,270.0359983890815
2019-01-27,258.79022171868246
2019-01-28,254.4809372343189
2019-01-29,255.75197063045982
2019-01-30,287.4118362439781
2019-01-31,294.7504118821993
2019-02-01,246.7279301204764
2019-02-02,257.0136000459999
2019-02-03,239.2504515927924
2019-02-04,228.46175586531245
2019-02-05,223.4359081598088
2019-02-06,249.12641416643748
2019-02-07,250.9651849142065
2019-02-08,198.04815553542622
2019-02-09,204.1706248669157
2019-02-10,183.08898979710273
2019-02-11,169.92430613816376
2019-02-12,163.5446356936003
2019-02-13,188.9628856331279
2019-02-14,191.64840229750553
2019-02-15,140.71138049591474
2019-02-16,149.93751946621506
2019-02-17,133.04962079743035
2019-02-18,125.11156808287656
2019-02-19,124.9116422967843
2019-02-20,157.36185972822895
2019-02-21,167.8115621471832
2019-02-22,125.23427541282757
2019-02-23,143.26521152537373
2019-02-24,135.4660433243437
2019-02-25,136.73231721411068
2019-02-26,145.6803770948627
2019-02-27,187.0504011166501
2019-02-28,206.02369345297703
2019-03-01,171.41315976512837
2019-03-02,196.70425596243794
2019-03-03,195.3229583443984
2019-03-04,202.04604570911965
2019-03-05,215.3904999869324
2019-03-06,260.0185702309401
2019-03-07,281.05659659932155
2019-03-08,247.28648976305786
2019-03-09,272.1871352111452
2019-03-10,269.2022639488419
2019-03-11,273.15008721087116
2019-03-12,282.611522152229
2019-03-13,322.3335865100275
2019-03-14,337.5461038575104
2019-03-15,297.1506704654731
2019-03-16,314.7592179167951
2019-03-17,303.95878502571486
2019-03-18,299.7178742087142
2019-03-19,300.7713002561543
2019-03-20,332.02019183710325
2019-03-21,338.8453689471904
2019-03-22,290.29312607971053
2019-03-23,300.1108292311432
2019-03-24,282.0090076304358
2019-03-25,271.06537441434017
2019-03-26,266.1077336070592
2019-03-27,292.1124723569481
2019-03-28,294.51688862985884
2019-03-29,242.40439899330224
2019-03-30,249.54003712573393
